{
  "train_mae": 13925400.30227374,
  "train_rmse": 22383060.822471526,
  "train_r2": 0.8259676864030743,
  "train_mape": 12.88302263584386,
  "test_mae": 16352825.235364852,
  "test_rmse": 25937741.44723527,
  "test_r2": 0.7722610638514315,
  "test_mape": 15.02922119923276,
  "test_mae_log": 0.1492195427805061
}